ingredient_id,nom_ingredient
34,"""1 gousse d ail finement hachées"""
172,"""5 cl d eau"""
220,0.5 avocat
297,1 branche de laurier
403,1 cuillère à soupe de moutarde
491,1 mangue
527,1 petit piment oiseau
535,1 petite boîte de tomates pelées
660,10 tortillas
678,100 g de gruyère
691,12 cl de bouillon de volaille
750,2 boules de mozzarella
771,2 clous de girofle
772,2 clous de girofle écrasés
857,2 morceaux de sucre
874,2 oignons émincés
988,250 g de boeuf frais (tête)
1157,4 cuillères à soupe de chapelure
1162,4 cuillères à soupe de lait
1258,45 g de beurre
1269,5 cuillères à soupe de crème
1384,600 g de cigale de mer ou de langoustines
1398,65 g de concentré de tomates
1400,7 pommes de terre
1472,anchois
1476,artichaut
1477,asperge
1579,gésiers confits
1605,"le doigt doit senfoncer un peu)"""
1660,poivre
27,"""1 côte de boeuf 6 cm dépaisseur"""
36,"""1 gousse d ail pilée"""
62,"""1.5 kg d épaule dagneau désossée"""
65,"""1.5 l d eau"""
99,"""2 gousses d ail selon le goût"""
246,1 ail (toutes les gousses non épluchées)
381,1 cuillère à soupe de ciboulette
413,1 cuillère à soupe de sel
472,1 kg de pomme de terre à chair ferme
514,1 oignon très finement émincé
649,10 cl de vinaigre blanc
756,2 branches de laurier
786,2 cuillères à café de crème fraîche
829,2 cuillères à soupe de vinaigre aromatisé au gingembre
922,20 cl de purée de tomate épaissse
954,200 g de haricot blancs à la tomates
975,25 cl de crème fraîche fluide
1041,3 cuillères à soupe de sauce nuoc mam
1083,30 cl de vin blanc sec
1154,4 cuillères de jus de citron
1160,4 cuillères à soupe de crème fraîche
1234,4 verres de riz
1276,5 kg bardé
1315,500 g de cantal jeune
1326,500 g de haricots verts
1423,8 cuisses de canard
1440,8 tranches de bacon
1531,crème liquide
1540,céréales au choix
1552,etc ...)
1558,filet de boeuf
16,"""1 cuillère à soupe d eau"""
136,"""3 filets d anchois pilés"""
139,"""3 gousses d ail pilé"""
161,"""4 gousses d ail (écrasées)"""
177,"""50 cl d eau chaude"""
192,"""6 gousses d ail"""
193,"""6 jaunes doeuf"""
198,"""75 cl de vin blanc sec dalsace (riesling ou sylvaner)"""
250,1 aubergine
269,1 bouquet de persil + coriandre
285,1 boîte de crabe ou 8 batonnets de surimi ou 150 g de saumon cru ou fumé
314,1 chou vert
350,1 cuillère à café de gingembre en poudre
353,1 cuillère à café de gingembre poudre ou frais râpé
373,1 cuillère à café de sucre
402,1 cuillère à soupe de miel
432,1 feuille de thym
552,1 pincée de poivre
593,1 sachet de levure à pain
641,10 cl de bouillon de boeuf
661,10 tranches de bacon
665,10 tranches de tomate
696,12 noix de saint-jacques
735,150 g de cheddar
780,2 cuillères de ketchup
830,2 cuillères à soupe de vinaigre balsamique
864,2 oignons (ou 3 moyens)
897,2 tomates
898,2 tomates fraîches ou pelées
937,20 tomates cerise
964,200 g de riz
1107,300 g de fromage râpé
1128,350 g de courgette
1142,4 aubergines
1212,4 saucisses de strasbourg
1284,5 tranches fines de jambon cru
1345,500 g de sauté de porc
1428,"8 kg"""
1443,8 tranches de lard
1510,chou blanchi
1557,feuille de nori
1574,gros sel
1669,poivre et noix de muscade
1670,poivre et sel
1699,sauce tomate maison ou toute prête
1706,sel et poivre
1723,tomate fraîche
213,0.25 concombre
288,1 boîte de lasagnes
303,1 carotte
308,1 chou
327,1 courgette
438,1 filet mignon de porc de 600 à 700 g environ
477,1 kg de saumon frais cru
586,1 rôti de porc de 1kg environ
597,1 saucisse de morteau
693,12 crevettes cuites
701,12.5 cl de vin blanc
795,2 cuillères à soupe de chapelure
816,2 cuillères à soupe de nuoc mam
842,2 feuilles de salade verte
924,20 cl de vin blanc
939,200 g de beurre
981,25 cl de riesling
1121,300 g de soja frais
1187,4 navets
1190,4 oeufs
1394,600 g de saint-pierre
1426,8 joue de porc
1455,800 g de pois chiches en boîte égouttés
1489,bouillon
1497,cannelle
1642,parmesan râpé
1651,persillade
1662,poivre au goût
1703,saumon fumé
1715,thon
39,"""1 gousse d ail émincée"""
97,"""2 gousses d ail coupées en longueur 4 ou 6 fois (enlever le germe)"""
144,"""3 steaks hachés ( mieux à loignon )"""
164,"""4 souris dagneau"""
180,"""50 g d huile dolive"""
311,1 chou moyen
344,1 cuillère à café de curcuma
346,1 cuillère à café de curcuma (safran)
370,1 cuillère à café de safran en filaments
411,1 cuillère à soupe de poivre
522,1 paquet de nouilles chinoises (au rayon produits exotiques en gms)
616,1 verre de farine
619,1 verre de vin blanc
658,10 pommes de terre moyennes
674,100 g de fromage
884,2 poignées de champignon des bois (girolles
890,2 pommes de terre
951,200 g de fromage râpé (mozzarella ou mélange mozza/cheddar/parmesan recommandés)
998,250 g de farine
1019,250 ml de crème
1049,3 doses de safran
1078,30 cl de crème
1139,37.5 ml de vin rouge
1166,4 cuillères à soupe de parmesan
1167,4 cuillères à soupe de persil haché grossièrement
1186,4 morceaux de comté
1220,4 tranches de blanc de poulet
1227,4 tranches de jambon cuit (tout frais de chez le charcutier)
1260,450 g de tomate en boîte en morceaux
1396,600 g de telline ou de coques ou de petites palourdes
1417,8 brins de thym
1464,90 g de parmesan
1495,béchamel pour 6 personnes
1502,champignon
1504,champignons de paris (une petite boîte)
1532,cuillère à soupe de homard concentrée (facultatif)
1568,galinette coupée en gros morceaux
1649,persil pour décorer
1652,pignons
1666,poivre en grains ou 5 baies
1720,thé chaud
28,"""1 demi d oignon"""
45,"""1 kg d épaule dagneau"""
78,"""12.5 cl d eau"""
98,"""2 gousses d ail finement hâchées"""
134,"""3 cuillères à soupe de miel mille fleurs ou autre"""
274,1 bouteille de purée de tomate (50 cl)
282,1 boîte de champignons de paris (de taille moyenne)
286,1 boîte de crozet
287,1 boîte de germes de soja
296,1 branche de fenouil
307,1 chorizo
328,1 courgette (ne pas la peler)
430,1 feuille de laurier
443,1 grosse cuillère à soupe de moutarde de dijon
456,1 kg de calamar
488,1 l de moules
515,1 oignon émincé
544,1 piment oiseau (ou à défaut du piment de cayenne en poudre)
547,1 pincée de gros sel
694,12 diots (fumés
728,15 grains de poivre noir
742,2 ail
788,2 cuillères à café de fond de veau
822,2 cuillères à soupe de pâte de curry ou bien le mélange suivant
837,2 escalopes de poulet
882,2 pincées de sel
901,2 tomates pelées et coupées en cubes (ou 20 cl de coulis de tomates)
923,20 cl de sauce tomate pour pâtes/pizza (épicée ou non selon votre goût)
973,25 cl de bouillon de volaille
1026,3 clous de girofle
1035,3 cuillères à soupe de céleri rave râpé
1155,4 cuillères à café de maïzena
1210,4 saucisses
1219,4 tranches de bacon
1250,400 g de crevettes (ou 12 gambas)
1262,5 brins de thym
1263,5 carottes
1308,50 g de parmesan reggiano
1381,600 g de boeuf haché
1413,75 g de crème
1429,8 merguez
1450,800 g de boeuf pour bourguignon
1458,800 g de sanglier
1479,avocat
1506,charcuteries
1515,citron jaune
1592,huile olive
1594,jambon
1602,lardons
1711,sinon des soissons (gros haricots blancs)
19,"""1 cuillère à soupe d huile dolive"""
52,"""1 pot de moutarde à lancienne maille"""
81,"""16 tranches de saucisson à lail"""
87,"""2 cuillères à café de marrons que lon trouve dans des épiceries exotique)"""
135,"""3 cuillères à soupe de sauce dhuître"""
178,"""50 cl d eau"""
209,"""huile dolive"""
301,1 brin de thym
331,1 cube de bouillon
360,1 cuillère à café de miel
442,1 grosse boîte de haricots rouges égouttés
537,1 petite cuillère de piment de cayenne
558,1 poignée de tomates cerise
567,1 porc
579,1 pâte feuilletée
581,1 queue de lotte de 1 kg préparée par votre poissonnier
615,1 verre de crème fraîche légère liquide
622,"1 verre de vin blanc sec pas trop ""minéral"""
625,1 yaourt
633,1.5 joue de boeuf
676,100 g de fromage râpé
683,100 g de lardons fumés
804,2 cuillères à soupe de farine
824,2 cuillères à soupe de sauce huître
868,2 oignons frais
902,2 tours de moulin de poivre
980,25 cl de lait de coco (soit une petite brique)
1206,4 pommes de terre
1319,500 g de chou de bruxelles
1359,6 cuillères à soupe de sel
1589,huile de friture
1610,maïs
1657,piment séché
1702,saumon
1705,sel de guérande
1,"""0.5 cuillère à café d épices à couscous"""
18,"""1 cuillère à soupe d huile de tournesol"""
46,"""1 kg de viande à pot-au-feu (à los si possible)"""
51,"""1 pincée de piment despelette"""
73,"""100 g d eau"""
90,"""2 cuillères à soupe d huile dolive"""
227,0.5 cuillère à café de cannelle
243,0.6666667 l de vin rouge
309,1 chou blanc
333,1 cube de bouillon de légumes
352,1 cuillère à café de gingembre frais râpé
358,1 cuillère à café de massala
378,1 cuillère à soupe de bouquet garni
383,1 cuillère à soupe de concentré de tomates
441,1 grand verre de vin blanc
445,1 grosse poignée de pain
453,1 kg de boeuf maigre à braiser (paleron
487,1 l de lait
498,1 oeuf
550,1 pincée de muscade râpée
636,1.5 l de vin blanc (sec)
709,125 g de mozzarella
738,150 g de lardons fumés
827,2 cuillères à soupe de sucre
855,2 l de bouillon de boeuf (cubes)
917,20 cl de crème fraîche épaisse
931,20 g de beurre pour le plat
1118,300 g de riz rond japonnais (riz à sushi)
1153,4 crêpes
1172,4 côtes de porc
1178,4 filets de poulet
1197,4 paupiettes de veau
1204,4 poireaux
1348,500 g de steak de thon
1393,600 g de rascasse
1452,800 g de cheddar
1466,agneau)
1480,bacon
1496,bûche...selon les goûts)
1618,muscade (en poudre)
1673,poivre sel
109,"""20 cl d eau (soit un verre)"""
143,"""3 jaunes doeuf"""
146,"""300 g d olives noires dénoyautées"""
153,"""4 bols d eau"""
154,"""4 brins d aneth"""
263,1 bouillon de poule
266,1 bouquet de coriandre
457,1 kg de carotte
465,1 kg de lieu noir (ou morue dessalée)
485,1 l de bière brune (pelforth brune pour un goût délicat
606,1 tomate (si de saison)
722,15 cl de vin blanc sec de cuisine (quantité à augmenter proportionnellement avec la quantité de moules préparée)
894,2 safran
896,2 saucisses de morteau
989,250 g de boeuf haché
1122,300 g de thon
1202,4 pincées de basilic
1300,50 g de crevettes décortiquées
1334,500 g de palourde fraîches
1361,6 morceaux de viande selon le nombre de personnes (bœuf ou agneau)
1486,beurre
1597,ketchup
1609,matière grasse au choix
1686,raviole du royans (achetées dans le commerce) 3 à 4 plaques
55,"""1 poulet fermier denviron 1"
208,"""huile dolive ou huile pour wok chinoise"""
233,0.5 céleri vert
242,0.5 verre de vin blanc sec
257,1 bonne cuillère à soupe de moutarde
259,1 botte de céleri branche
267,1 bouquet de coriandre fraîche
434,1 filet de haddock
486,1 l de bouillon de volaille
601,1 tablette de bouillon de boeuf
726,15 g de farine
730,150 dés de jambon ou 4 tranches de jambon ou lardons
766,2 carottes moyennes
825,2 cuillères à soupe de sauce soja
1080,30 cl de ketchup bio
1144,4 bouchées feuilletées pour la sauce
1247,400 g de boeuf coupé en lanières
1252,400 g de gruyère râpé
1286,50 cl de bouillon
1491,bouquet garni ou un cube de bouquet garni
1499,cerfeuil
1517,clou de girofle
1685,queue
1693,roquette
1737,épices pour tajine
2,"""0.5 verre d eau"""
40,"""1 gousse d ail"""
48,"""1 lieu noir denviron 400 g"""
130,"""3 cuillères à soupe d huile dargan (ou à défaut d’huile d’olive)"""
234,0.5 feuille de laurier
390,1 cuillère à soupe de curry doux en poudre
393,1 cuillère à soupe de farine (complète ou bise
435,1 filet de jus de citron
450,1 jus de citron
497,1 noix de beurre salé
504,1 oignon (rose de roscoff bien sûr)
611,1 tête de veau roulée et précuite
655,10 grains de genièvre
662,10 tranches de bacon anglais fumé
752,2 boîtes de concentré de tomates
875,2 oignons émincés (revenus également à la poêle)
1070,3 saucisses de montbéliard
1136,350 g de riz rond
1221,4 tranches de bûche de chèvre
1239,40 cl de crème épaisse
1241,40 cl de lait entier ou demi-écrémé
1249,400 g de comté
1285,5 échalotes (ou à défaut
1316,500 g de chair à saucisse
1463,90 g de beurre
1539,céréales
1575,gros sel et poivre concassé
1603,lasagnes
1639,paprika
1647,persil haché
8,"""1 coq denviron 3 kg coupé en morceaux"""
35,"""1 gousse d ail hâché"""
88,"""2 cuillères à soupe d huile darachide"""
219,0.25 tasse de ciboulette
235,0.5 jus de citron
281,1 boîte de champignon
384,1 cuillère à soupe de coriandre moulue
400,1 cuillère à soupe de mayonnaise maison
444,1 grosse poignée de coriandre
476,1 kg de saumon frais (en 1 ou 2 pavés)
812,2 cuillères à soupe de maïzena ou farine
836,2 dl de crème fraîche
859,2 oeufs
873,2 oignons verts tendres coupés très finement
920,20 cl de lait de coco (moins selon les goûts)
986,25 g de beurre
1028,3 cuillères de sauce soja
1094,300 g de beaufort (voire plus pour ceux qui aiment)
1182,4 knackis
1193,4 oignons de taille moyenne
1280,5 pommes de terre
1356,6 cuillères à café de fond de veau
1386,600 g de grondin rouge
1503,champignon noir (environ 50 g)
1638,paleron)
1681,pulpe de tomate
1707,sel fin
83,"""2 brins d aneth"""
191,"""6 cuillères à soupe d huile dolive"""
221,0.5 bol de vinaigre
508,1 oignon jaune
551,1 pincée de piment de cayenne
574,1 poulet coupé en 6 morceaux
583,1 rognons de boeuf de 600 g environ
666,100 g de beurre
706,125 g de crème fraîche ou fromage blanc
718,15 cl de lait
760,2 branches de thym ou romarin
887,2 poivrons (coupés en lamelles et revenus à la poêle
1053,3 gouttes de tabasco
1068,3 pommes de terre
1143,4 blancs de poulet
1158,4 cuillères à soupe de concentré de tomates
1266,5 cl de crème fraîche
1303,50 g de foie gras mi-cuit
1312,500 g de blanc de poulet sans peau taillés en cube
1325,500 g de gîte de boeuf
1336,500 g de pois chiches trempés la veille (à ne pas oublier !)
1349,500 g de tagliatelles fraîches (de préférence)
1373,6 saucisses fumées (genre diots de savoie) ou 4 grosses saucisses fumées type montbéliard
1403,700 g de boeuf préparé
1411,75 cl de vin rouge
1469,ail au poudre
1576,gruyère
1616,mozzarella
1622,noix
1710,si possible)
1730,wasabi
1739,épinards
77,"""12 cl d eau"""
151,"""350 g d oignon"""
171,"""420 g d épinards hachés frais ou surgelés selon la saison"""
179,"""50 g d aneth"""
206,"""huile dolive (je la prends au basilic)"""
310,1 chou frisé
369,1 cuillère à café de piment de cayenne
376,1 cuillère à soupe de basilic
425,1 dinde
429,1 escalope de poulet cuite
431,1 feuille de nori
473,1 kg de pomme de terre à chair ferme de taille moyenne (type belle de fontenay)
493,1 morceau de sucre (facultatif)
627,1 échine de porc fermier de 1
737,150 g de lardons
803,2 cuillères à soupe de câpres égouttés
806,2 cuillères à soupe de feuilles de coriandre hachées
963,200 g de pâte brisée
971,24 gambas
1005,250 g de lardons
1054,3 magrets de canard
1086,30 g de farine
1131,350 g de palette
1177,4 feuilles de laurier
1238,40 cl de crème fraîche
1283,5 tomates (+/- une demie brique de coulis de tomate)
1343,500 g de saucisse à cuire
1352,500 g de tomme fraîche du cantal
1401,70 g de concentré de tomates en boîte
1444,8 tranches de pain de mie
1447,80 cl de crème uht épaisse
1494,brocoli
1498,cannelle...)
1601,lard gras
1627,oignon surgelés
1656,piment de cayenne (en poudre)
1735,épices
118,"""25 cl d eau de cuisson des légumes"""
141,"""3 gousses d ail"""
160,"""4 gousses d ail (en fonction du goût de chacun...)"""
176,"""5 tranches de pain dépices (si possible maison)"""
298,1 branche de persil
321,1 cl de jus de citron
337,1 cuillère de coriandre frais haché
420,1 cuillère à soupe de vinaigre balsamique
494,1 moutarde de dijon
500,1 oeuf dur
525,1 paquet de vermicelles de soja
526,1 pastis
540,1 piment de cayenne
594,1 sachet de mloukhia
613,1 verre de bière ou vin blanc
621,1 verre de vin blanc sec
640,10 carottes
729,15 tranches de jambon
739,150 g de thon naturel en conserve
759,2 branches de thym
809,2 cuillères à soupe de herbes hachées
850,2 kg de carotte (surgelées ou non)
872,2 oignons rouges
889,2 poivrons verts
947,200 g de coulis de tomate
992,250 g de champignons de paris
1010,250 g de pleurote
1027,3 cornichons
1039,3 cuillères à soupe de moutarde
1173,4 endives fraîches
1200,4 petites cuillères à soupe de miel liquide
1293,50 cl de lait
1353,6 branches de thym
1405,700 g de poivron (verts et rouges)
1490,bouquet garni
1577,gruyère râpé
1612,merguez
1617,muscade
1624,oignon
1683,quartier de citron vert
26,"""1 cuisse de dinde denviron 700g"""
31,"""1 filet mignon ou de léchine de porc pour 4 personnes (800 g)"""
44,"""1 kg d échine de porc"""
56,"""1 poulet à rôtir denviron 1"
270,1 bouquet de persil non frisé
343,1 cuillère à café de cumin en poudre
348,1 cuillère à café de curry en poudre
366,1 cuillère à café de patrelle
414,1 cuillère à soupe de sucre en poudre
439,1 filet mignon de porc de 600g
451,1 kg de blanc de poulet
467,1 kg de palette salée
568,1 porc (facultatif)
570,1 pot de crème fraîche épaisse
572,1 poule
592,1 sachet de levure chimique
656,10 navets
668,100 g de champignons de paris
717,15 cl de crème fraîche épaisse
732,150 g de chair à saucisse
778,2 cuillères de coulis de tomate
826,2 cuillères à soupe de sauce teriyaki
838,2 escalopes de veau
843,2 filets de truite
885,2 poireaux
970,230 g de champignons de paris (entiers)
994,250 g de champignons de paris en boîte
1013,250 g de pâte brisée (ou une pâte toute prête)
1033,3 cuillères à soupe de crème fraîche
1119,300 g de rumsteak de veau
1120,300 g de saumon fumé
1195,4 pains ronds
1251,400 g de farine
1290,50 cl de crème fraîche liquide liquide
1328,500 g de julienne de légumes
1341,500 g de ramen (ou nouilles de blé chinoises)
1427,8 kg
1543,des baux
1719,thym et laurier
49,"""1 mont dor"""
115,"""200 g d oignon émincés"""
184,"""50 g de beurre ou 3 cuillères à soupe dhuile"""
185,"""500 g d aiguillette de poulet"""
188,"""500 g d épaule de mouton désossée"""
226,0.5 cuillère à café de bicarbonate
278,1 bouteille de vin rouge corsé
292,1 boîte de tomates pelées (on garde le jus aussi)
299,1 branche de persil finement haché
302,1 briquette de crème liquide
374,1 cuillère à café de thym (ou une branche)
399,1 cuillère à soupe de ketchup
446,1 grosse poignée de raisins secs
538,1 petite poignée de sel gros
543,1 piment oiseau (facultatif)
573,1 poulet
591,1 sachet de levure boulangère
605,1 tomate
748,2 bols de sucre
797,2 cuillères à soupe de crème
841,2 feuilles de nori (algues) coupées en 2 (donc 4)
845,2 gingembre frais
928,20 cl de vin rouge
946,200 g de coquillettes
1062,3 oignons jaunes
1090,30 g de parmesan
1176,4 escalopes de veau plutôt fines
1248,400 g de champignons de paris
1314,500 g de calamar
1406,700 g de rognon de veau
1437,8 pilons de poulet (fermier de préférence)
1536,curry en poudre (2 à 3 cuillères à soupe rases)
1544,dinde
1562,foie du chapon ou 100 g de foie de lapin (ou de volailles)
1630,olives vertes
1687,relish
1741,"évidemment)"""
68,"""10 cl d huile dolive"""
132,"""3 cuillères à soupe d huile"""
175,"""5 gousses d ail"""
207,"""huile dolive (ou beurre)"""
244,0.75 cuillère à soupe de gros sel
290,1 boîte de pois chiches
368,1 cuillère à café de piment
377,1 cuillère à soupe de beurre
415,1 cuillère à soupe de sucre ou de miel
577,1 pâte brisée
600,1 sel
710,125 g de parmesan
789,2 cuillères à café de paprika
793,2 cuillères à café de vinaigre de cidre
833,2 cuillères à soupe de vinaigre pur
866,2 oignons coupés en rondelles
938,"200 g d\ oignon ""grelots"""
952,200 g de gruyère râpé
958,200 g de lentilles corail
959,200 g de légumes congelés coupés en allumettes
976,25 cl de crème fraîche épaisse
1017,250 g de riz long grain
1059,3 oeufs battus
1065,3 pincées de sel
1091,30 g de parmesan râpé
1134,350 g de poulet coupé en dés
1305,50 g de gruyère (facultatif)
1354,6 carottes
1379,60 g de beurre doux
1395,600 g de sauce bolognaise (toute faite genre panzani)
1410,75 cl de lait
1468,ail
1578,guacamole
1585,herbes de provence + sel
1619,muscade pour la béchamel
1700,sauce yakitori
103,"""2 kg d endive"""
129,"""3 cuillères à soupe d huile darachide"""
148,"""300 g de tomme fraîche dauvergne"""
258,1 botte de ciboulette
271,1 bouquet de thym
332,1 cube de bouillon de boeuf
466,1 kg de paleron
496,1 noix de beurre
559,1 poireau
578,1 pâte brisée (ou de la pâte à pain)
629,1.2 kg de rôti de porc
648,10 cl de sauce worcestershire
769,2 citrons (le jus en bouteille convient parfaitement
792,2 cuillères à café de sucre
905,2 verres de liqueur de cognac
918,20 cl de crème liquide
942,200 g de champignon (boîte)
1004,250 g de lard fumé entier (pas des lardons sous vide)
1138,350 g de viande hachée
1147,4 brins de persil plat
1225,4 tranches de jambon blanc (épaisses si possible)
1230,4 tranches de poitrine de porc fumée
1387,600 g de joue de boeuf
1402,70 g de fromage râpé
1677,pomme de terre
1725,ventrèche
1733,à votre convenance.
12,"""1 cuillère à café d huile"""
30,"""1 filet d huile dolive"""
71,"""10 g d emmental"""
92,"""2 cuillères à soupe d huile"""
113,"""20 oignons grelots (taille dune bille) ou 10 sauciers (2 x plus gros)"""
127,"""3 cuillères à café d huile dolive"""
247,1 ail entière
280,1 boîte de canneloni
336,1 cube de bouillon poissons et crustacés
349,1 cuillère à café de fond de veau
416,1 cuillère à soupe de sucre roux
433,1 filet de crème
481,1 kg de tomate
635,1.5 kg de pomme de terre
699,12 tranches de jambon
700,12 échalotes pelées
702,120 g de crevettes (roses de préférence)
714,15 cl de crème
860,2 oeufs battus
883,2 pincées de thym
921,20 cl de porto
949,200 g de farine
974,25 cl de crème fraîche
979,25 cl de lait de coco
1099,300 g de champignons de paris frais
1123,300 g de viande hachée
1159,4 cuillères à soupe de coriandre ciselée
1175,4 escalopes de poulet
1184,4 morceaux de bleu ou roquefort
1295,50 cl de vin rouge de bourgogne
1357,6 cuillères à café de margarine
1471,ananas
1553,farine
1559,filet de dorade
1608,matière grasse
1654,piment au vinaigre
1668,poivre et beurre
1718,thym (ou basilic)
1732,à défaut)
13,"""1 cuillère à café d épices tandoori"""
25,"""1 cuillère à soupe de moutarde à lancienne"""
54,"""1 poulet denviron 2 kg"""
63,"""1.5 kg d épinards"""
75,"""100 g d oignon (environ 2)"""
124,"""3 ail (ou de lail semoule)"""
181,"""50 g d huile végétale"""
382,1 cuillère à soupe de ciboulette ciselée
392,1 cuillère à soupe de farine
460,1 kg de châtaignes
511,1 oignon piqué de 3 clous de girofle
587,1 rôti de porc fumé (ardennais) ou petit salé env 300gr
603,1 tasse de basilic
654,10 g de gros sel
686,100 g de saumon fumé
711,125 g de riz rond
774,2 cubes de bouillon (volaille)
818,2 cuillères à soupe de parmesan en copeaux
844,2 filets mignons de porc
853,2 kg environ
982,25 cl de vin blanc
985,25 cl de vin rouge
1043,3 cuillères à soupe de sucre (si pâte sucrée)
1044,3 cuillères à soupe de thym
1115,300 g de purée
1161,4 cuillères à soupe de farine
1179,4 filets de poulet coupés en dés
1236,4.5 cl de nuoc mam (ou sauce au poisson)
1282,5 tomates
1304,50 g de fromage râpé
1310,50 g de sauce barbecue ou sauce brune
1320,500 g de coquille saint-jacques congelées (sans corail)
1335,500 g de pancetta
1344,500 g de saumon coupé en petits morceaux
1465,agneau
1501,"cest plus facile)"""
1542,de préférence)
1590,huile de pépin de raisins ou autre huile neutre pour frire
1648,persil ou coriandre hachées
59,"""1 rôti de veau denviron 1 kg"""
199,"""8 cl d eau ou de lait tiède"""
236,0.5 l de bouillon
318,1 citron (pour son jus)
447,1 huile
452,1 kg de blanquette de veau
518,1 pain pour hamburger
539,1 petite tasse de vinaigre de riz
607,1 tomate ou hors saison une tomate en boîte pelée
610,1 tranche de pain de mie
646,10 cl de crème fraîche épaisse ou liquide
690,12 carottes (comptez-en 3 par personne environ)
736,150 g de farine de blé
768,2 citrons
848,2 kg
1025,3 cl de calvados
1069,3 pommes reinettes ou golden
1072,3 tomates
1163,4 cuillères à soupe de miel
1171,4 cuisses de poulet
1296,50 g de beurre
1337,500 g de pomme de terre
1366,6 paupiettes de porc
1538,cèpes...)
1550,estragon
1555,feuille de laurier
1587,huile
1740,éventuellement palette)
42,"""1 jaune doeuf"""
74,"""100 g d emmental râpé"""
76,"""100 g d olives vertes (ou 50 g de noires et 50 g de vertes)"""
94,"""2 cuillères à soupe d épices à couscous"""
126,"""3 cuillères d huile"""
237,0.5 l de lait
295,1 branche de céleri
300,1 branche de thym
313,1 chou rond
427,1 dosette de safran
549,1 pincée de muscade
614,1 verre de bouillon (1/2 tablette)
647,10 cl de lait
651,10 feuilles de salade verte
698,12 oignons grelots
713,15 cl de coulis de tomate
731,150 g de beurre en dés et en pommade
796,2 cuillères à soupe de coriandre en grains
801,2 cuillères à soupe de curry en poudre
807,2 cuillères à soupe de fond de sauce volaille
828,2 cuillères à soupe de vinaigre
930,20 g de beurre
960,200 g de nouilles de riz
969,200 ml de crème fraîche épaisse
978,25 cl de lait
1001,250 g de fromage râpé
1023,3 canard confits (à défaut deux morceaux de lard fumé)
1174,4 escalopes de dinde
1194,4 pains pour hot dogs (ou 4 pains au lait)
1272,5 feuilles de laurier
1301,50 g de farine
1461,800 g de viande hachée pur boeuf
1508,chocolat
1535,curry doux
1551,et poivre)
1595,jus de citron
108,"""2 pincées de sel dail ou poudre dail"""
351,1 cuillère à café de gingembre en poudre (ou frais)
406,1 cuillère à soupe de noix de cajou mixées fin
468,1 kg de petit salé
520,1 paquet de lasagnes
564,1 poivron rouge (facultatif si dans mélange chinois)
596,1 sauce barbecue fonctionne très bien )
624,1 vin blanc
669,100 g de cornichons
670,100 g de coulis et 200 g de chair de tomates (fraîche ou en conserve)
685,100 g de pois chiches en conserve
720,15 cl de vin blanc
906,2 vin blanc très sec
908,2 échalotes
965,200 g de riz blanc
1050,3 escalopes de poulet coupe en tranches fines
1074,3 tranches de pain de mie
1114,300 g de poulet
1132,350 g de poivron de couleur rouge et vert
1141,4 andouillette
1188,4 navets forts (long et très fins
1203,4 pincées de curry
1211,4 saucisses de montbéliard
1278,5 navets moyens
1311,500 g de blanc de poulet
1332,500 g de linguine
1338,500 g de pomme de terre farineuses
1397,600 g de vive
1422,8 cuillères à soupe de béchamel
1488,boudin noir
1545,dès de poulet...)
1572,grain de coriandre écrasés
1689,riz
1695,salade
82,"""160 g d olives vertes dénoyautées"""
149,"""300 ml d eau"""
189,"""500 g d épinards en boîte ou surgelés cest meilleur"""
202,"""8 gousses d ail frais ou 4 sèches"""
255,1 bol de nuoc mam
315,1 chou vert moyen
371,1 cuillère à café de sauce worcestershire
448,1 jambon
516,1 orange prélevée au moins 8 jours avant et bien sèche
715,15 cl de crème fraîche
764,2 carottes (grosses)
835,2 céleri
846,2 grosses boîtes de tomate en dés
900,2 tomates moyennes passées au mixer( hors saison
1032,3 cuillères à café de vinaigre balsamique
1057,3 oeufs
1058,3 oeufs (dont 1 jaune pour souder)
1101,300 g de crevettes (bouquets) ou gambas
1110,300 g de haricots verts surgelés
1113,300 g de noix de pétoncle
1240,40 cl de lait
1274,5 gingembre frais
1425,8 galettes de blé
1448,80 g de crème fraîche
1460,800 g de viande (gîte de bœuf
1467,aiguillette de canard
1520,coriandre
1615,moutarde de dijon
1628,oignons)
1632,os à moelle (selon le goût)
3,"""0.5 verre d huile dolive vierge"""
7,"""1 chapon denviron 3 kg"""
110,"""20 cl d eau"""
121,"""25 cl d huile dolive"""
166,"""4 tranches de jarret de veau denviron 200 g chacune"""
190,"""500 g d épinards en branches surgelés"""
196,"""600 g d épaule de veau en morceaux"""
283,1 boîte de champignons de paris avec son jus
354,1 cuillère à café de glutamate (indispensable dans la cuisine asiatique
394,1 cuillère à soupe de farine fluide
412,1 cuillère à soupe de saindoux
475,1 kg de rôti de porc allongé pris dans le filet
482,1 kg de travers de porc
637,1.5 poivron
878,2 petits pots de yaourt (type bulgare)
891,2 pâtes feuilletées
899,2 tomates moyennes
1259,45 g de farine
1358,6 cuillères à soupe de crème
1371,6 pâtes feuilletées
1376,6 veau
1389,600 g de lotte
1418,8 cailles
1424,8 feuilles de laitue
1475,arachide (option)
1554,feta
1571,gingembre haché
1635,"ou plus selon appétit)"""
1643,parmesan râpé à votre goût
1722,tomate fraiche
50,"""1 petit bocal de sauce salsa (vendu dans le rayon cuisine du monde dans les hypermarchés)"""
80,"""15 cl d huile dolive"""
119,"""25 cl d eau tiède"""
152,"""4 blancs doeuf"""
214,0.25 cuillère à café de curcuma
316,1 chou-fleur
339,1 cuillère à café de cannelle en poudre
391,1 cuillère à soupe de câpres hachées
419,1 cuillère à soupe de vinaigre
458,1 kg de chou-fleur (surgelé)
507,1 oignon finement haché
528,1 petit pot de canard (si les cuisses ne sont pas assez grasses)
571,1 pot de crème liquide
580,1 pâte à pizza
609,1 tranche de lard coupée en dés
688,115 g de champignon entiers (une petite boite)
746,2 barquettes de lardons fumés (sans couenne)
753,2 boîtes de confit de canard (4 cuisses)
754,2 boîtes de tomates concassées (celles de 425 ml)
770,2 citrons confits (ou 3 moyens)
877,2 petits piments rouges
895,2 saucisses de montbéliard ou de morteau
1052,3 genièvre
1061,3 oignons avec tige
1067,3 poivrons (peu importe la couleur)
1170,4 cuisses de canard confites
1222,4 tranches de camembert
1255,400 g de tagliatelles
1297,50 g de beurre tendre
1299,50 g de concentré de tomates
1333,500 g de morue salée (sous vide)
1412,75 g de beurre
1430,8 navets
1459,800 g de veau
1473,aneth
1690,riz (ou purée)
1701,sauge
1726,viande hachée
21,"""1 cuillère à soupe d oignon haché"""
64,"""1.5 kub or pour 1 litre deau"""
89,"""2 cuillères à soupe d huile de sésame"""
107,"""2 oignons (ou même léquivalent en oignons émincés surgelés)"""
167,"""400 g d oignon"""
248,1 ail non épluchée
363,1 cuillère à café de muscade en poudre
375,1 cuillère à café rase de farine
409,1 cuillère à soupe de persil haché
478,1 kg de sauté de porc
523,1 paquet de spaghetti
598,1 saucisse de morteau cuite
808,2 cuillères à soupe de fond de veau
854,"2 kg"""
862,2 oignons
863,2 oignons (ciselés)
932,20 g de farine
934,20 g de poivre concassé
955,200 g de lardons
1048,3 dl de lait
1093,30 oeufs
1164,4 cuillères à soupe de moutarde
1199,4 pavés de saumon frais
1279,5 oignons
1288,50 cl de cidre bouché brut
1392,600 g de poulet (morceaux au choix)
1408,75 cl de bouillon de poule
1523,cornichons
1527,crème fleurette
1537,câpres
1541,c’est mieux)
1621,nature et au choux)
1645,persil
1727,vidé et écaillé
104,"""2 kg d épinards frais"""
156,"""4 cuillères à soupe d huile dolive"""
159,"""4 escalopes de poulet (environ 120 g lune)"""
306,1 chevreuil de 2
389,1 cuillère à soupe de curry
436,1 filet de saumon frais (ou surgelé) coupé en dés
463,1 kg de filet de poulet
479,1 kg de semoule de blé dur grain moyen
505,1 oignon blanc
506,1 oignon en lamelles
553,1 pincée de poivre blanc
563,1 poivron rouge
576,1 poulet coupé en morceaux (ou 4 beaux morceaux de poulet)
584,1 rouleau de pâte feuilletée
604,1 thym
663,10 tranches de cheddar
707,125 g de farine
734,150 g de champignon (frais ou boîte)
791,2 cuillères à café de sel
871,2 oignons moyens hachés
956,200 g de lardons fumés
1014,250 g de pâtes à la semoule de riz
1016,250 g de riz
1129,350 g de farine (type pâte à pain) + 100 g pour travailler la pâte
1151,4 courgettes
1152,4 crépinettes
1257,400 g de viande hachée
1307,50 g de lardons
1323,500 g de fruits de mer congelés
1391,600 g de porc ou/et boeuf ou au choix)
1519,coquille saint-jacques
1525,crevettes
1528,crème fleurette demi écrémée ou entière ou à défaut crème semi épaisse 50 cl minimum
1606,madère
1646,persil frais
1653,piment
10,"""1 cuillère d huile de maïs"""
20,"""1 cuillère à soupe d huile"""
173,"""5 cl d huile dolive"""
319,1 citron jaune
330,1 court-bouillon de poisson (maggi)
379,1 cuillère à soupe de boursin cuisine ail et fines herbes (facultatif)
426,1 dose de safran
464,1 kg de joue de porc
495,1 navet
512,1 oignon piqué de clous de girofle
548,1 pincée de herbes de provence
562,1 poivron
618,1 verre de liqueur de rhum ou whisky
790,2 cuillères à café de piment
881,2 pincées de poivre
929,20 clous de girofle
948,200 g de crevettes fraîches (en option)
1045,3 cuillères à soupe de vinaigre
1103,300 g de crozet au sarrasin
1105,300 g de farine de blé 00
1165,4 cuillères à soupe de nuoc mam (sauce de poisson vietnamienne)
1245,40 g de beurre tendre
1292,50 cl de fond de veau
1298,50 g de cacahuètes
1346,500 g de scampi surgelés décortiqués
1421,8 courgettes
1439,8 saucisses de toulouse non fumées
1509,chorizo
1565,fromage
1567,galette de riz séchées (comptez environs 2 ou 3 par personnes)
1580,gîte
1588,huile (olive ou autre)
1591,huile de tournesol
1614,moutarde
1672,poivre saveur
1674,poivre vert
1679,prendre des tomates pelées en boite)
1694,safran jaune (pour la coloration)
9,"""1 courgette coupée en lamelles et revenue à la poêle avec de lhuile dolive"""
96,"""2 gousses d ail (ou plus suivant les goûts)"""
241,0.5 verre de cognac ou whisky
356,1 cuillère à café de harissa
362,1 cuillère à café de muscade
422,1 côte de boeuf
483,1 kg de viande hachée (boeuf
510,1 oignon piqué de 2 clous de girofle
650,10 cl de vinaigre de vin rouge ou de framboise
652,10 g de beurre
762,2 bulbes de fenouil
779,2 cuillères de farine
861,2 oeufs entiers
1071,3 saucisses fumées
1116,300 g de pâte feuilletée
1126,35 cl de crème fraîche
1146,4 brins de ciboulette
1201,4 piments oiseau mixés
1242,40 cl de vin blanc
1268,5 cl de vinaigre de vin
1313,500 g de boeuf haché
1317,500 g de champignon en boîte
1321,500 g de coulis de tomate fraîches
1339,500 g de pruneau
1377,60 cl de vin blanc sec
1433,8 noix de saint-jacques préparées par votre poissonnier
1436,8 olives noires dénoyautées
1518,concentré de tomates
1560,filet)
1573,grain de poivre
1604,laurier
1717,thym
67,"""10 cl d eau"""
100,"""2 gousses d ail écrasées"""
157,"""4 cuillères à soupe de cancoillotte à lail ou nature"""
170,"""400 g de pâtes (suivant lappétit)."""
204,"""coeur dartichaut"""
223,0.5 chou chinois
323,1 concombre
347,1 cuillère à café de curry
357,1 cuillère à café de jus de citron
372,1 cuillère à café de sel
395,1 cuillère à soupe de garam masala
642,10 cl de coulis de tomate
695,12 merguez
749,2 bouillons
761,2 brins de persil plat
765,2 carottes coupées en rondelles
781,2 cuillères de nuoc mam
909,2 échalotes émincées
925,20 cl de vin blanc (1 verre)
972,25 cl de bière brune
999,250 g de farine de blé noir (sarrasin)
1011,250 g de poisson
1038,3 cuillères à soupe de miel
1140,375 g de champignon
1273,5 g de beurre
1446,8 tranches de toastinette
1457,800 g de purée de tomate
1634,ou leffe brune pour un goût plus sucré)
1636,"ou un sachet légumes chinois pour wok)"""
137,"""3 gousses d ail et 3cm de racine de gingembre frais mixés en une pâte"""
145,"""30 cl d eau"""
168,"""400 g d olives vertes dénoyautées"""
200,"""8 côtelettes dagneau (2 par personne"
228,0.5 cuillère à café de cumin
252,1 barquette de lardons fumés
265,1 bouquet de ciboulette
317,1 citron
380,1 cuillère à soupe de cassonade
462,1 kg de dinde (hauts de cuisses tronçonnés)
499,1 oeuf (jaune)
561,1 poivre du moulin
565,1 poivron vert
569,1 pot de crème fraîche allégée
612,1 verre de bière
673,100 g de farine de blé dur
679,100 g de gruyère râpé
725,15 fajitas environ
785,2 cuillères à café de concentré de tomates
821,2 cuillères à soupe de pignons de pin
832,2 cuillères à soupe de vinaigre de vin
886,2 poivrons
911,20 champignons de paris frais
945,200 g de chorizo en rondelles
1006,250 g de lardons (natures ou fumés selon les goûts)
1008,250 g de mayonnaise
1208,4 raies pelées
1244,40 g de beurre demi-sel
1270,5 cuillères à soupe de crème fraîche
1271,5 cuillères à soupe de madère (ou porto)
1324,500 g de fèves fraîches
1470,ail moulu
1529,crème fraîche
1570,gingembre
1581,hachés
1655,piment de cayenne
1680,pruneau
5,"""1 bouillon de volaille dilué dans un verre deau"""
15,"""1 cuillère à soupe d aneth hachée"
312,1 chou romanesco
367,1 cuillère à café de persil plat haché
396,1 cuillère à soupe de gingembre moulu
424,1 demi de citron
449,1 jambonneau
469,1 kg de petit salé (échine
471,1 kg de pomme de terre fermes à la cuisson
534,1 petite boîte de concentré de tomates
554,1 pincée de sauge
575,1 poulet coupé en morceaux (les morceaux de blancs doivent être coupés avec leur morceau de carcasse)
630,1.2 kg de veau
708,125 g de farine tamisée
719,15 cl de lait de coco
721,15 cl de vin blanc sec
733,150 g de champignon
800,2 cuillères à soupe de curry
831,2 cuillères à soupe de vinaigre de riz
856,2 magrets de canard gras
935,20 noix de saint-jacques
984,25 cl de vin blanc sec
1003,250 g de lard fumé
1106,300 g de farine à pizza (blanche ou complète)
1192,4 oignons blancs ou rouges émincés
1237,4.5 cl de sauce soja
1261,5 brins de persil hachés
1318,500 g de champignons de paris frais
1327,500 g de jarret de boeuf
1500,"cest impératif pour que la daube soit provençale!)"""
1507,cheddar (achat sous vide en grande surface)
1512,chèvre
1534,curry
1546,eau
4,"""0.5 verre de moutarde deau (ou de la biere)"""
29,"""1 filet d huile de tournesol"""
53,"""1 pot de pâte darachide"""
85,"""2 cuillères d huile dolive"""
116,"""200 g d épinards frais"""
174,"""5 cuillères à soupe d huile dolive"""
212,(désossé
335,1 cube de bouillon de volaille
459,1 kg de choucroute
519,1 palette de porc toute prête
536,1 petite cuillère de cannelle
617,1 verre de liqueur de kirsch
639,10 brins de persil simple
657,10 pommes de terre (bintje)
671,100 g de crème fraîche
681,100 g de lardons
689,12 carottes
727,15 g de sucre
763,2 carottes
880,2 pincées de paprika
913,20 cl de crème
936,20 pommes de terre
1034,3 cuillères à soupe de crème fraîche épaisse
1097,300 g de champignon
1148,4 carottes
1254,400 g de rôti de boeuf bardé
1256,400 g de tomates pelées en morceaux
1267,5 cl de vin blanc
1355,6 courgettes moyennes
1409,75 cl de bouillon de volaille
1435,8 oignons moyens
1524,courgette
1533,cumin
1584,herbes de provence
1586,herbes de provence ou italiennes
1600,lait de coco (1 boîte soit environ 300 g)
1641,parmesan
1659,pois chiches (quantité à adapter)
1682,pâtes à lasagnes (sans précuisson)
23,"""1 cuillère à soupe d épices à colombo"""
33,"""1 gousse d ail coupée en lamelles"""
122,"""250 g de boudin noir à loignon (ou nature)"""
123,"""250 g de chair à saucisse (du boucher"
163,"""4 morceaux de mouton selon lappétit"""
251,1 bar de ligne de 600 g environ
294,1 boîte moyenne de concentré de tomates
326,1 courge spaghetti (environ 2 kg)
364,1 cuillère à café de mélange 5 épices (au rayon produits asiatiques)
365,1 cuillère à café de paprika
461,1 kg de crevettes fraîches
632,1.5 cuillère de paprika
682,100 g de lardons cuits
787,2 cuillères à café de cumin en poudre
798,2 cuillères à soupe de crème fraîche
805,2 cuillères à soupe de farine (facultatif)
839,2 feuilles de laurier
940,200 g de boeuf haché
962,200 g de poitrine fumée
983,25 cl de vin blanc (de cuisine ou comme moi du chablis)
995,250 g de champignons de paris émincés en boîte
1073,3 tomates fermes
1081,30 cl de lait
1137,350 g de tagliatelles ou fettucine
1253,400 g de pois chiches
1372,6 radis roses hachés
1442,8 tranches de jambon
1456,800 g de pomme de terre
1513,ciboulette...
1549,endive
1731,à cisailler
66,"""10 cl d eau de vie"""
69,"""10 cl d huile"""
142,"""3 gouttes d huile pimentée"""
253,1 barquette de lardons fumés type allumettes
256,1 bol de viande (poulet ou boeuf)
260,1 botte de persil
268,1 bouquet de persil
325,1 courge butternut de 1
341,1 cuillère à café de coriandre
388,1 cuillère à soupe de curcuma
454,1 kg de boeuf à pot-au-feu
687,100 g de viande hachée pur boeuf
740,150 ml de yaourt naturel
773,2 courgettes
893,2 rondelles de citron
914,20 cl de crème de fraîche
966,200 g de riz carnaroli
1031,3 cuillères à café de gros sel
1075,3 échalotes
1088,30 g de gouda
1218,4 tomates bien mûres
1224,4 tranches de jambon blanc
1289,50 cl de crème fraîche fluide entière
1347,500 g de spaghetti
1378,60 g de beurre
1434,8 oignons
1438,8 pommes de terre
1449,"800 g de boeuf ""bourguignon"""
1484,basilic frais
1522,coriandre fraîche pour garnir (facultatif)
1596,"jutilise un mélange beurre et huile dolive)"""
1599,lait
1671,poivre noir en mignonnette
1704,sel
1708,"selon les goûts"""
1712,sinon prévoir un citron pour 4 côtelettes)
22,"""1 cuillère à soupe d origan"""
111,"""20 cl d huile dolive"""
117,"""200 g d épinards hachés surgelés"""
158,"""4 cuillères à soupe de moutarde à lancienne"""
183,"""50 g de beurre clarifié (le ghee indien)"""
187,"""500 g d olives vertes"""
211,"""soja frais (un sachet prêt à lemploi"
238,0.5 l de vin blanc
275,1 bouteille de vin blanc sec
277,1 bouteille de vin rouge assez bon
291,1 boîte de tomates pelées
320,1 citron pressé
455,1 kg de bulot cuits ou à cuire
566,1 pomme (fruit)
628,1.2 kg de boeuf de première catégorie (faux-filet
631,1.2 l de bouillon de boeuf assez corsé
653,10 g de beurre doux
664,10 tranches de gouda
684,100 g de parmesan
741,175 g de germes de soja
767,2 champignons de paris
858,2 navets
867,2 oignons doux
915,20 cl de crème fraîche
1042,3 cuillères à soupe de sauce soja
1130,350 g de lard fumé
1156,4 cuillères à soupe de cancoillotte
1196,4 patates douces
1351,500 g de tomate coupées en morceaux
1462,850 g de tomate (fraîches ou en boîte selon la saison)
1644,"pas de lindustriel)"""
1661,poivre (pour ceux qui aiment)
1713,soit environ 250 g
1721,tomate
6,"""1 bouteille de vin rouge côtes du rhône (rouge de préférence gigondas ou vacqueyras"
14,"""1 cuillère à café de piment rouge en pâte ou de lharissa"""
37,"""1 gousse d ail pressée et dégermée ou 1 cuillère à café dail en poudre"""
106,"""2 morceaux de selle dagneau ou morceaux tendres désossés"""
112,"""20 cl de vinaigre dalcool"""
232,0.5 cuillère à soupe de fines herbes
245,1 ail
293,1 boîte de tomates pelées en morceaux
322,1 clou de girofle
345,1 cuillère à café de curcuma (ou curry en poudre)
359,1 cuillère à café de maïzena
385,1 cuillère à soupe de crème fraîche
417,1 cuillère à soupe de tandoori massala
524,1 paquet de sésame
595,"1 sachet de vermicelles de riz (""bun"" dans les épiceries exotiques)"
623,1 viande hachée
626,1 échalote
634,1.5 kg de boeuf macreuse
680,100 g de lard (ou de lardons) fumé
834,2 cuisses de canard
907,2 vin rouge
950,200 g de filet de poulet
953,200 g de haché de veau
1089,30 g de matière grasse
1135,350 g de pulpe de tomate concassées (1 boîte)
1149,4 chipolata
1229,4 tranches de poitrine de porc fraîche
1287,50 cl de béchamel ou (si on est pressé) de crème fraîche épaisse ou semi-épaisse
1291,50 cl de crème fraîche semi-épaisse ou épaisse
1330,500 g de lardons fumés
1342,500 g de riz
1481,banane
1487,beurre et huile
1583,harissa
1665,poivre en grains
1676,pomme
1697,sauce bolognaise à la viande
1716,thon en boîte émietté
38,"""1 gousse d ail écrasée"""
61,"""1.5 kg d épaule dagneau coupée en morceaux"""
194,"""6 morceaux de collier dagneau"""
230,0.5 cuillère à café de paprika
407,1 cuillère à soupe de parmesan
532,1 petite boîte de champignon (coupés)
557,1 poignée de pignons de pin
585,1 rôti de porc de 1
588,1 rôti de porc lardé de 600 g
677,100 g de graisse de canard
744,2 avocats
811,2 cuillères à soupe de mayonnaise
849,2 kg de boeuf à daube maigre type paleron
927,20 cl de vin blanc sec
941,200 g de carotte
943,200 g de champignons de paris emmincés
997,250 g de crème fraîche
1007,250 g de lentilles vertes
1012,250 g de porc
1018,250 g de viande (bœuf haché ou non
1079,30 cl de crème fleurette
1111,300 g de macaroni
1145,4 branches de thym
1168,4 cuillères à soupe de sauce soja
1181,4 grains de poivre
1228,4 tranches de pain de mie blanc anglais
1264,5 champignons de paris à émincer
1364,6 oignons nouveaux
1380,60 g de gruyère râpé
1607,mais à utiliser avec parcimonie)
1613,moules
1709,selon vos goûts)
1714,sésame
17,"""1 cuillère à soupe d huile de tournesol (pour la cuisson)"""
41,"""1 jarret de porc denviron 1kg"""
138,"""3 gousses d ail hache"""
140,"""3 gousses d ail selon le goût"""
165,"""4 tranches de gigot dagneau épaisses"""
218,0.25 orange séchée
334,1 cube de bouillon de poule
401,1 cuillère à soupe de maïzena
404,1 cuillère à soupe de moutarde de dijon
418,1 cuillère à soupe de thym et de laurier haché
474,1 kg de ris de veau
517,1 pain de campagne non tranché
590,1 rôti de veau de 1 à 1
675,100 g de fromage de chèvre frais
704,125 g de beurre
847,2 grosses cuillères à soupe de farine
876,2 pavés de lieu noir surgelés ou frais
987,25 g de farine
993,250 g de champignons de paris (en boîte)
1000,250 g de filet de poulet
1047,3 cuisses de poulet (pilon et haut)
1084,30 g de beurre
1092,30 morceaux de sucre (peu importe la couleur)
1108,300 g de gruyère
1191,4 oignons
1214,4 soles
1275,5 kg
1281,5 pommes de terre moyennes
1375,6 tranches de jambon blanc
1404,700 g de boeuf très tendre
1451,800 g de carotte
1548,emmental
1563,fond de veau
1626,oignon blanc
1633,os à moelle 1 par personne
1684,quenelle de veau
1698,sauce soja
43,"""1 kg d oignon"""
79,"""15 cl d eau"""
84,"""2 cuillères d huile dolive (dans lidéal"
131,"""3 cuillères à soupe d huile dolive"""
289,1 boîte de lasagnes précuites
305,1 carré de sucre
545,1 piment sec
776,2 cubes de bouillon de boeuf
820,2 cuillères à soupe de persil haché
944,200 g de chips nachos
996,250 g de courge
1037,3 cuillères à soupe de fond de veau
1051,3 feuilles de laurier
1098,300 g de champignons de paris (les plus faciles à trouver en france)
1100,300 g de crevette rose
1117,300 g de pâtes
1217,4 tomates (ou 8 petites)
1331,500 g de lieu noir noir
1367,6 pieds de cochon crus
1369,6 pincées de poivre
1374,6 tomates fraîches (ou pelées en boîte
1441,8 tranches de bûche de chèvre
1474,aneth ciselés (frais ou surgelés)
1593,ils ont beaucoup de goût)
1629,olives
47,"""1 l d eau"""
58,"""1 rosbif d1kg"""
155,"""4 cuillères d huile dolive"""
162,"""4 gousses d ail"""
186,"""500 g d oignon"""
210,"""huile tournesol ou dolive (meilleurs)"""
215,0.25 eau
225,0.5 courgette
229,0.5 cuillère à café de gingembre
261,1 bouillon
276,1 bouteille de vin blanc sec (de cassis
340,1 cuillère à café de chili en poudre
410,1 cuillère à soupe de piment de cayenne ou 1 piment vert
489,1 langue de 1
556,1 poignée de lardons
620,1 verre de vin blanc (20 cl environ)
643,10 cl de crème
697,12 oignons
705,125 g de champignon
716,15 cl de crème fraîche liquide
755,2 branches de céleri
775,2 cubes de bouillon culinaire
823,2 cuillères à soupe de ras el hanout
990,250 g de chair à saucisse
1046,3 cuisses de poulet
1066,3 poireaux
1216,4 tomates (en conserve hors saison)
1223,4 tranches de jambon
1360,6 cuisses de poulet
1383,600 g de carotte
1416,750 g de haricots coco ou mojette de vendée
1514,citron
1625,oignon au vinaigre
32,"""1 gigot dagneau"""
95,"""2 cuillères à soupe de moutarde (à lancienne de préférence)"""
101,"""2 gousses d ail"""
114,"""200 g d emmental"""
203,"""8 gousses d ail"""
231,0.5 cuillère à café de sel
249,1 anis étoilé
264,1 bouillon de volaille
405,1 cuillère à soupe de mélange 4 épices (girofle
501,1 oeuf entier
521,1 paquet de nouilles chinoises
541,1 piment doux (ou piment en poudre)
560,1 poivre
672,100 g de farine
724,15 crevettes
751,2 bouquets garnis
758,2 branches de romarin frais
784,2 cuillères à café de cerfeuil hachés
794,2 cuillères à soupe de beurre (ou margarine)
815,2 cuillères à soupe de noix pilées
817,2 cuillères à soupe de parmesan
840,2 feuilles de menthe
851,2 kg de pomme de terre (princesse amandine ou primeur)
903,2 tours de moulin de poivre au goût
961,200 g de petits pois en boîtes ou surgelés (meilleurs)
1040,3 cuillères à soupe de petits pois
1056,3 navets ou une branche de céleri
1064,3 pincées de muscade râpée
1082,30 cl de lentilles corail
1095,300 g de boeuf
1109,300 g de haricot tarbais si possible
1180,4 gingembre finement hâchée
1226,4 tranches de jambon cru
1277,5 morceaux de steak de boeuf
1329,500 g de lardons
1340,500 g de pâtes
1478,aubergine
1483,basilic (frais de préférence)
1526,crème de gorgonzola
1564,frisettes...)
1623,oeuf
1631,olives vertes ou noires
1658,plat de côte
1675,poivron
1692,roquefort
1729,vinaigre balsamique
1736,épices (dont muscade
11,"""1 cuillère à café d ail semoule"""
24,"""1 cuillère à soupe de matière grasse à votre convenance (personnellement"
128,"""3 cuillères à café d épices tandoori"""
195,"""6 pieds et 24 paquets (les paquets sont farcis dail persil et petit salé)"""
254,1 bol de canard (environ 300g)
262,1 bouillon de légumes
304,1 carotte (facultatif mais... le lapin aime bien la carotte!)
324,1 cornichons aigres-doux
440,1 fromage de chèvre (cottin
533,1 petite boîte de champignons de paris
602,1 tablette de bouillon de volaille
692,12 cl de vin blanc
747,2 blancs de poulet
782,2 cuillères de sucre roux
865,2 oignons blancs
869,2 oignons jaunes
904,2 tranches de jambon dégraissé
916,20 cl de crème fraîche (ou de béchamel
919,20 cl de lait
1127,35 cl de lait
1169,4 cuillères à soupe de sucre
1205,4 poivrons
1215,4 tomates
1370,6 pommes de terre
1388,600 g de lentilles vertes
1419,8 carottes
1505,chapelure
1521,coriandre fraîche ciselée
1530,crème fraîche épaisse
1561,fleur de sel
1640,paprika doux
1688,ricotta
1724,travers
1738,épices à couscous
70,"""10 cuillères à soupe d huile dolive"""
120,"""25 cl d eau"""
205,"""graisse doie (ou de canard)"""
216,0.25 l de lait
240,0.5 poireau
342,1 cuillère à café de cumin
386,1 cuillère à soupe de crème fraîche fouettée (pas de chantilly en bombe!)
387,1 cuillère à soupe de cumin moulu
423,1 côte de porc par personne
470,1 kg de pomme de terre
484,1 kiri ou du gruyère
712,140 g de jambon cuit
777,2 cubes de bouillon de poule
799,2 cuillères à soupe de crème épaisse
813,2 cuillères à soupe de miel
814,2 cuillères à soupe de moutarde de dijon
879,2 piments antillais
888,2 poivrons rouges
957,200 g de lardons natures ou 4 saucisses genre chipolatas
1015,250 g de ricotta
1036,3 cuillères à soupe de farine
1063,3 oignons émincés
1104,300 g de farine
1125,330 g de farine de blé noir
1246,400 g de beaufort
1294,50 cl de vin rouge (moi je préfère 2/3 vin rouge
1322,500 g de farine de blé noir
1362,6 oeufs
1365,6 olives
1399,7 oignons
1432,8 nems
1482,basilic
1582,hampe
1611,menthe
1728,vieille tranches de pain rassis pour faire des croûtons
60,"""1 verre d eau"""
86,"""2 cuillères à café d huile dolive"""
93,"""2 cuillères à soupe d épices à colombo"""
102,"""2 jaunes doeuf"""
133,"""3 cuillères à soupe d épices à couscous"""
224,0.5 citron
284,1 boîte de concentré de tomates
329,1 courgette ou 2 petites
397,1 cuillère à soupe de gros sel
490,1 lapin
529,1 petit pot de crème fraîche
599,1 saucisson à cuire
743,2 aubergines
819,2 cuillères à soupe de persil
892,2 reblochons
910,2.5 kg de pomme de terre
967,200 g de saumon frais ou fumé
1087,30 g de germes de soja
1112,300 g de navet
1209,4 rave ou navets
1232,4 tranches de toastinette
1265,5 cl de cognac
1382,600 g de bourguignon
1431,8 navets en bottes
1445,8 tranches de reblochon ou morbier ou raclette
1454,800 g de moules par personne
1492,branche de thym
1511,chou-fleur
1516,citron vert
1566,fruits de mer
1598,kiwi
1664,poivre du moulin
1678,poulet)et 2 merguez
1691,romarin
57,"""1 reblochon bien fait (lorsquon appuie sur le côté du reblochon"
72,"""100 g d amandes émondées"""
91,"""2 cuillères à soupe d huile olive"""
125,"""3 cuillères d arachide émincées"""
169,"""400 g de lard de poitrine frais avec los (ou à défaut 200g de lardons)"""
197,"""75 cl d eau froide"""
201,"""8 gousses d ail en chemises"""
217,0.25 l de vin blanc sec
273,1 bouquet garni (thym
361,1 cuillère à café de moutarde de dijon
437,1 filet mignon de porc
509,1 oignon jaune ou rouge selon les goûts
513,1 oignon rouge
530,1 petit verre de cognac
542,1 piment oiseau
546,1 piment vert ou rouge (selon si on aime le plat épicé)
644,10 cl de crème fraîche
723,15 cornichons
783,2 cuillères de vinaigre blanc
810,2 cuillères à soupe de jus de citron
852,2 kg de tripes variés ( pied de mouton
991,250 g de champignon (des cèpes de préférence)
1022,3 biscottes trempées dans le lait
1024,3 carottes
1076,3 échalotes grises
1102,300 g de crevettes cuites et décortiquées
1124,33 cl de bière (1 canette)
1150,4 clous de girofle
1183,4 l de moules
1185,4 morceaux de citrouille
1198,4 pavés de saumon
1213,4 saucisses type chipolatas
1233,4 truites
1235,4 échalotes
1302,50 g de farine (pour le travail)
1309,50 g de parmesan râpé
1350,500 g de tomate bien mûres
1415,75 g de jambon
1485,batavia
1493,brin de persil plat et de coriandre ciselés
1637,pain pour hamburger
1650,persil)
147,"""300 g de champignons de paris (en boîte"
150,"""350 g d aubergine"""
279,1 boîte de 400 g de tomates concassées
338,1 cuillère de sauce soja (facultatif)
398,1 cuillère à soupe de herbes de provence
408,1 cuillère à soupe de persil et ail haché
421,1 cuillère à soupe de vinaigre de riz
428,1 escalope de poulet (grillée)
480,1 kg de semoule moyenne
502,1 oeuf par personne
531,1 petit verre de vin blanc
582,1 reblochon
608,1 tranche de jambon
638,1/3 eau)
659,10 tomates mûres
667,100 g de champignon
745,2 barquettes de lardons
870,2 oignons moyens
912,20 cl de coulis de tomate ou des tomates pelées
926,20 cl de vin blanc de savoie (apremont si possible)
968,200 g de saumon frais ou surgelé
1002,250 g de haricots rouges
1009,250 g de nouilles sautées
1021,3 avocats
1029,3 cuillères de soja
1055,3 navets
1096,300 g de brocoli
1189,4 navets ronds
1363,6 oeufs durs
1368,6 pilons de poulet
1385,600 g de congre
1407,720 g de riz
1453,800 g de fromage à raclette en tranches
1663,poivre blanc (plus doux)
1667,poivre en grains ou poudre
1696,salade verte
105,"""2 l d eau"""
182,"""50 g d oignon"""
222,0.5 boîte de concentré de tomates
239,0.5 l de vin rouge
272,1 bouquet garni
355,1 cuillère à café de graine de fenouil (ou 1 cuillère à café de pastis)
492,1 morceau de paleron ou de bourguignon lkg
503,1 oignon
555,1 pincée de sel
589,1 rôti de veau de 1
645,10 cl de crème fraîche épaisse
703,120 g de lentilles corail
757,2 branches de persil plat
802,2 cuillères à soupe de câpres
933,20 g de matière grasse
977,25 cl de crème épaisse
1020,250 ml de crème fraîche épaisse
1030,3 cuillères à café de concentré de tomates
1060,3 oignons
1077,30 cl de bouillon de boeuf
1085,30 g de beurre ou de margarine
1133,350 g de pomme de terre
1207,4 pommes de terre cuites
1231,4 tranches de saumon fumé
1243,40 g de beurre
1306,50 g de gruyère râpé
1390,600 g de paleron
1414,75 g de double concentré de tomates
1420,8 carottes en botte
1547,eau chaude
1556,feuille de menthe
1569,genièvre (facultatif)
1620,muscade râpée
1734,échalote
