equipement_id,nom_equipement
34,1 hachoir
3,1 appareil croque-monsieur
7,1 assiette
28,1 fouet cuisine
45,1 natte de bambou
6,1 appareils à fondue
14,1 chinois
37,1 marmite marmiton
47,1 papier sulfurisé
58,1 poêle à crêpes
8,1 balance de cuisine
35,1 lot de couverts
70,1 tamis
32,1 friteuse
66,1 sauteuse
69,1 table induction saphirmatt electrolux
60,1 pôele
38,1 marmiton
61,1 robot pâtissier
22,1 cuillère en bois
77,1 écumoire
2,1 amazon echo
40,1 mijoteuse électrique
48,1 petite cuillère
67,1 set 3 poêles
55,1 poche à douille
13,1 cercle à pâtisserie
25,1 dénoyauteur
54,1 plat à tourte
63,1 râpe
75,1 wok
59,1 presse-ail
42,1 mixeur plongeant
74,1 top des meilleurs papiers sulfurisés
76,1 économe
9,1 barbecue
57,1 poêle
72,1 top des meilleures plaques a four
16,1 cocotte-minute
27,1 film alimentaire
36,1 louche
62,1 rouleau à pâtisserie
65,1 saladier
39,1 micro-ondes
12,1 casserole
30,1 fourchette
71,1 top 5 des meilleures passoires
50,1 planche
43,1 moule à cake
23,1 cuillère à soupe
33,1 grands récipient
19,1 cookeo infinity de moulinex
52,1 plat
5,1 appareil à raclette
15,1 cocotte
11,1 bol
24,1 douille cannelée ou unie de 14 mm
26,1 entonnoir
31,1 frigo
44,1 moule à tarte
56,1 pour vous guider en cuisine au quotidien
68,1 spatule
17,1 congélateur
41,1 mixeur
10,1 blender chauffant
20,1 couteau
21,1 couvercle
64,1 réfrigérateur
1,1 aluminium
18,1 cookeo infinity
46,1 paire de ciseaux
51,1 planche à découper
73,1 top des meilleures plaques à four
49,1 pinceau
4,1 appareil à fondue
29,1 four
53,1 plat à gratin
